[
  {
    "id": "P001",
    "nama": "Panel Ram 1 GB",
    "harga": "Rp 2.000",
    "deskripsi": "Panel untuk bot WhatsApp dengan fitur lengkap."
  },
  {
    "id": "P002",
    "nama": "Panel Ram 2 GB",
    "harga": "Rp 3.000",
    "deskripsi": "Panel untuk bot WhatsApp dengan fitur lengkap."
  },
  {
    "id": "P003",
    "nama": "Panel Ram 3 GB",
    "harga": "Rp 4.000",
    "deskripsi": "Panel untuk bot WhatsApp dengan fitur lengkap."
  },
  {
    "id": "P004",
    "nama": "Panel Ram 4 GB",
    "harga": "Rp 5.000",
    "deskripsi": "Panel untuk bot WhatsApp dengan fitur lengkap."
  },
  {
    "id": "P005",
    "nama": "Source Code Store",
    "harga": "Rp 20.000",
    "deskripsi": "Source code toko online dengan auto-delivery."
  },
  {
    "id": "P006",
    "nama": "Script Code Developer",
    "harga": "Rp 5000",
    "deskripsi": "Cocok untuk deskripsi anda"
  },
  {
    "id": "P007",
    "nama": "Script Code Payment",
    "harga": "Rp 10000",
    "deskripsi": "Cocok untuk web payment"
  },
  {
    "id": "P008",
    "nama": "Reseller Panel",
    "harga": "Rp 5000",
    "deskripsi": "Bisa buat panel sepuasnya"
  },
  {
    "id": "P009",
    "nama": "Owner Panel",
    "harga": "Rp 15000",
    "deskripsi": "Bisa buat panel sepuasnya & bisa open reseller panel"
  },
  {
    "id": "P0010",
    "nama": "Partner Panel",
    "harga": "Rp 20000",
    "deskripsi": "Bisa open admin panel & reseller panel jika niat"
  },
  {
    "id": "P0011",
    "nama": "JASA BUG UI",
    "harga": "Rp 5000",
    "deskripsi": "CRASH UI, BEKU LOGO"
  },
  {
    "id": "P0012",
    "nama": "DOMAIN .MY.ID",
    "harga": "Rp 15000",
    "deskripsi": "COCOK UNTUK WEB LAYANAN, WEB API, WEB STORE, DLL"
  },
  {
    "id": "P0013",
    "nama": "DOMAIN .BIZ.ID",
    "harga": "Rp 15000",
    "deskripsi": "COCOK UNTUK WEB LAYANAN, WEB API, WEB STORE, DLL"
  },
  {
    "id": "P0014",
    "nama": "DOMAIN .COM",
    "harga": "Rp 150000",
    "deskripsi": "COCOK UNTUK WEB LAYANAN, WEB API, WEB STORE, DLL"
  },
  {
    "id": "P0015",
    "nama": "SUBDOMAIN .XYZ",
    "harga": "Rp 30000",
    "deskripsi": "COCOK UNTUK WEB LAYANAN, WEB API, WEB STORE, DLL"
  },
  {
    "id": "P0016",
    "nama": "SUBDOMAIN .COM",
    "harga": "Rp 50000",
    "deskripsi": "COCOK UNTUK WEB LAYANAN, WEB API, WEB STORE, DLL"
  },
  {
    "id": "P0017",
    "nama": "SUBDOMAIN .MY.ID",
    "harga": "Rp 5000",
    "deskripsi": "COCOK UNTUK WEB LAYANAN, WEB API, WEB STORE, DLL"
  },
  {
    "id": "P0018",
    "nama": "SUBDOMAIN .BIZ.ID",
    "harga": "Rp 5000",
    "deskripsi": "COCOK UNTUK WEB LAYANAN, WEB API, WEB STORE, DLL"
  },
  {
    "id": "P0019",
    "nama": "SCRIPT KENZ VHIZER V2",
    "harga": "Rp 5000",
    "deskripsi": "COCOK UNTUK ANAK JB YANG PUSH KONTAK, STORE, AI, DLL"
  },
  {
    "id": "P0020",
    "nama": "JASA INSTALL PANEL",
    "harga": "Rp 5000",
    "deskripsi": "INSTALL PANEL PTERODACTYL"
  },
  {
    "id": "P0021",
    "nama": "JASA PASANG NODE",
    "harga": "Rp 2000",
    "deskripsi": "AWALNYA MERAH JADI HIJAU"
  },
  {
    "id": "P0022",
    "nama": "VPS R1C1",
    "harga": "Rp 20000",
    "deskripsi": "COCOK UNTUK BOT WHATSAPP & WEB KECIL"
  },
  {
    "id": "P0023",
    "nama": "VPS R2C1",
    "harga": "Rp 25000",
    "deskripsi": "COCOK UNTUK BOT WHATSAPP & WEB KECIL"
  },
  {
    "id": "P0024",
    "nama": "VPS R4C2",
    "harga": "Rp 30000",
    "deskripsi": "COCOK UNTUK BOT WHATSAPP, GTA & WEB MENENGAH"
  },
  {
    "id": "P0025",
    "nama": "VPS R8C4",
    "harga": "Rp 40000",
    "deskripsi": "COCOK UNTUK BOT WHATSAPP, MINECRAFT, GTA & WEB MENENGAH"
  }
]